5TRPicyLGbAF2LGBFbHGvO,Kanye West,Flashing Lights,40,5
5TRPicyLGbAF2LGBFbHGvO,Kanye West,Flashing Lights,38,2
5TRPicyLGbAF2LGBFbHGvO,Kanye West,Flashing Lights,223,3
5TRPicyLGbAF2LGBFbHGvO,Kanye West,Flashing Lights,46,5
5TRPicyLGbAF2LGBFbHGvO,Kanye West,Flashing Lights,66,4
41bmnQZoDMQdDh5zyomtW7,Lil Uzi Vert,Endless Fashion,117,5
41bmnQZoDMQdDh5zyomtW7,Lil Uzi Vert,Endless Fashion,248,5
41bmnQZoDMQdDh5zyomtW7,Lil Uzi Vert,Endless Fashion,219,3
41bmnQZoDMQdDh5zyomtW7,Lil Uzi Vert,Endless Fashion,82,3
41bmnQZoDMQdDh5zyomtW7,Lil Uzi Vert,Endless Fashion,66,2